<component name="libraryTable">
  <library name="Dart Packages">
    <CLASSES>
      <root url="file://C:/flutter_windows_v1.9.1+hotfix.6-stable/flutter/.pub-cache/git/flutter_kakao_login-eb74a6f7edff6a75b7ad6112bf7d809b610215aa/lib" />
      <root url="file://C:/flutter_windows_v1.9.1+hotfix.6-stable/flutter/.pub-cache/git/flutter_sms_receiver-84cfed2a3517c8fd393a65f673c06945e86b8106/lib" />
      <root url="file://C:/flutter_windows_v1.9.1+hotfix.6-stable/flutter/.pub-cache/hosted/pub.dartlang.org/_fe_analyzer_shared-1.0.3/lib" />
      <root url="file://C:/flutter_windows_v1.9.1+hotfix.6-stable/flutter/.pub-cache/hosted/pub.dartlang.org/after_init-0.1.2/lib" />
      <root url="file://C:/flutter_windows_v1.9.1+hotfix.6-stable/flutter/.pub-cache/hosted/pub.dartlang.org/analyzer-0.39.4/lib" />
      <root url="file://C:/flutter_windows_v1.9.1+hotfix.6-stable/flutter/.pub-cache/hosted/pub.dartlang.org/archive-2.0.11/lib" />
      <root url="file://C:/flutter_windows_v1.9.1+hotfix.6-stable/flutter/.pub-cache/hosted/pub.dartlang.org/args-1.5.2/lib" />
      <root url="file://C:/flutter_windows_v1.9.1+hotfix.6-stable/flutter/.pub-cache/hosted/pub.dartlang.org/async-2.4.0/lib" />
      <root url="file://C:/flutter_windows_v1.9.1+hotfix.6-stable/flutter/.pub-cache/hosted/pub.dartlang.org/boolean_selector-1.0.5/lib" />
      <root url="file://C:/flutter_windows_v1.9.1+hotfix.6-stable/flutter/.pub-cache/hosted/pub.dartlang.org/build-1.2.2/lib" />
      <root url="file://C:/flutter_windows_v1.9.1+hotfix.6-stable/flutter/.pub-cache/hosted/pub.dartlang.org/build_config-0.4.2/lib" />
      <root url="file://C:/flutter_windows_v1.9.1+hotfix.6-stable/flutter/.pub-cache/hosted/pub.dartlang.org/build_daemon-2.1.3/lib" />
      <root url="file://C:/flutter_windows_v1.9.1+hotfix.6-stable/flutter/.pub-cache/hosted/pub.dartlang.org/build_resolvers-1.3.3/lib" />
      <root url="file://C:/flutter_windows_v1.9.1+hotfix.6-stable/flutter/.pub-cache/hosted/pub.dartlang.org/build_runner-1.8.0/lib" />
      <root url="file://C:/flutter_windows_v1.9.1+hotfix.6-stable/flutter/.pub-cache/hosted/pub.dartlang.org/build_runner_core-4.5.3/lib" />
      <root url="file://C:/flutter_windows_v1.9.1+hotfix.6-stable/flutter/.pub-cache/hosted/pub.dartlang.org/built_collection-4.3.2/lib" />
      <root url="file://C:/flutter_windows_v1.9.1+hotfix.6-stable/flutter/.pub-cache/hosted/pub.dartlang.org/built_value-7.0.9/lib" />
      <root url="file://C:/flutter_windows_v1.9.1+hotfix.6-stable/flutter/.pub-cache/hosted/pub.dartlang.org/carousel_slider-1.4.1/lib" />
      <root url="file://C:/flutter_windows_v1.9.1+hotfix.6-stable/flutter/.pub-cache/hosted/pub.dartlang.org/charcode-1.1.2/lib" />
      <root url="file://C:/flutter_windows_v1.9.1+hotfix.6-stable/flutter/.pub-cache/hosted/pub.dartlang.org/checked_yaml-1.0.2/lib" />
      <root url="file://C:/flutter_windows_v1.9.1+hotfix.6-stable/flutter/.pub-cache/hosted/pub.dartlang.org/chewie2-0.10.2/lib" />
      <root url="file://C:/flutter_windows_v1.9.1+hotfix.6-stable/flutter/.pub-cache/hosted/pub.dartlang.org/code_builder-3.2.1/lib" />
      <root url="file://C:/flutter_windows_v1.9.1+hotfix.6-stable/flutter/.pub-cache/hosted/pub.dartlang.org/collection-1.14.11/lib" />
      <root url="file://C:/flutter_windows_v1.9.1+hotfix.6-stable/flutter/.pub-cache/hosted/pub.dartlang.org/convert-2.1.1/lib" />
      <root url="file://C:/flutter_windows_v1.9.1+hotfix.6-stable/flutter/.pub-cache/hosted/pub.dartlang.org/country_pickers-1.2.0/lib" />
      <root url="file://C:/flutter_windows_v1.9.1+hotfix.6-stable/flutter/.pub-cache/hosted/pub.dartlang.org/coverage-0.13.9/lib" />
      <root url="file://C:/flutter_windows_v1.9.1+hotfix.6-stable/flutter/.pub-cache/hosted/pub.dartlang.org/crypto-2.1.3/lib" />
      <root url="file://C:/flutter_windows_v1.9.1+hotfix.6-stable/flutter/.pub-cache/hosted/pub.dartlang.org/csslib-0.16.1/lib" />
      <root url="file://C:/flutter_windows_v1.9.1+hotfix.6-stable/flutter/.pub-cache/hosted/pub.dartlang.org/cupertino_icons-0.1.2/lib" />
      <root url="file://C:/flutter_windows_v1.9.1+hotfix.6-stable/flutter/.pub-cache/hosted/pub.dartlang.org/dart_style-1.3.3/lib" />
      <root url="file://C:/flutter_windows_v1.9.1+hotfix.6-stable/flutter/.pub-cache/hosted/pub.dartlang.org/date_util-0.1.4/lib" />
      <root url="file://C:/flutter_windows_v1.9.1+hotfix.6-stable/flutter/.pub-cache/hosted/pub.dartlang.org/dio-3.0.9/lib" />
      <root url="file://C:/flutter_windows_v1.9.1+hotfix.6-stable/flutter/.pub-cache/hosted/pub.dartlang.org/dotted_border-1.0.5/lib" />
      <root url="file://C:/flutter_windows_v1.9.1+hotfix.6-stable/flutter/.pub-cache/hosted/pub.dartlang.org/enum_to_string-1.0.9/lib" />
      <root url="file://C:/flutter_windows_v1.9.1+hotfix.6-stable/flutter/.pub-cache/hosted/pub.dartlang.org/equatable-1.1.1/lib" />
      <root url="file://C:/flutter_windows_v1.9.1+hotfix.6-stable/flutter/.pub-cache/hosted/pub.dartlang.org/firebase-7.2.1/lib" />
      <root url="file://C:/flutter_windows_v1.9.1+hotfix.6-stable/flutter/.pub-cache/hosted/pub.dartlang.org/firebase_analytics-5.0.11/lib" />
      <root url="file://C:/flutter_windows_v1.9.1+hotfix.6-stable/flutter/.pub-cache/hosted/pub.dartlang.org/firebase_auth-0.14.0+9/lib" />
      <root url="file://C:/flutter_windows_v1.9.1+hotfix.6-stable/flutter/.pub-cache/hosted/pub.dartlang.org/firebase_core-0.4.4+3/lib" />
      <root url="file://C:/flutter_windows_v1.9.1+hotfix.6-stable/flutter/.pub-cache/hosted/pub.dartlang.org/firebase_core_platform_interface-1.0.4/lib" />
      <root url="file://C:/flutter_windows_v1.9.1+hotfix.6-stable/flutter/.pub-cache/hosted/pub.dartlang.org/firebase_core_web-0.1.1+2/lib" />
      <root url="file://C:/flutter_windows_v1.9.1+hotfix.6-stable/flutter/.pub-cache/hosted/pub.dartlang.org/firebase_messaging-6.0.13/lib" />
      <root url="file://C:/flutter_windows_v1.9.1+hotfix.6-stable/flutter/.pub-cache/hosted/pub.dartlang.org/fixnum-0.10.11/lib" />
      <root url="file://C:/flutter_windows_v1.9.1+hotfix.6-stable/flutter/.pub-cache/hosted/pub.dartlang.org/flare_dart-2.3.3/lib" />
      <root url="file://C:/flutter_windows_v1.9.1+hotfix.6-stable/flutter/.pub-cache/hosted/pub.dartlang.org/flare_flutter-1.8.3/lib" />
      <root url="file://C:/flutter_windows_v1.9.1+hotfix.6-stable/flutter/.pub-cache/hosted/pub.dartlang.org/flutter_cupertino_localizations-1.0.1/lib" />
      <root url="file://C:/flutter_windows_v1.9.1+hotfix.6-stable/flutter/.pub-cache/hosted/pub.dartlang.org/flutter_datetime_picker-1.3.5/lib" />
      <root url="file://C:/flutter_windows_v1.9.1+hotfix.6-stable/flutter/.pub-cache/hosted/pub.dartlang.org/flutter_facebook_login-3.0.0/lib" />
      <root url="file://C:/flutter_windows_v1.9.1+hotfix.6-stable/flutter/.pub-cache/hosted/pub.dartlang.org/flutter_google_places-0.2.4/lib" />
      <root url="file://C:/flutter_windows_v1.9.1+hotfix.6-stable/flutter/.pub-cache/hosted/pub.dartlang.org/flutter_keyboard_visibility-0.7.0/lib" />
      <root url="file://C:/flutter_windows_v1.9.1+hotfix.6-stable/flutter/.pub-cache/hosted/pub.dartlang.org/flutter_local_notifications-0.9.1+3/lib" />
      <root url="file://C:/flutter_windows_v1.9.1+hotfix.6-stable/flutter/.pub-cache/hosted/pub.dartlang.org/flutter_naver_login-1.1.1/lib" />
      <root url="file://C:/flutter_windows_v1.9.1+hotfix.6-stable/flutter/.pub-cache/hosted/pub.dartlang.org/flutter_page_indicator-0.0.3/lib" />
      <root url="file://C:/flutter_windows_v1.9.1+hotfix.6-stable/flutter/.pub-cache/hosted/pub.dartlang.org/flutter_plugin_android_lifecycle-1.0.6/lib" />
      <root url="file://C:/flutter_windows_v1.9.1+hotfix.6-stable/flutter/.pub-cache/hosted/pub.dartlang.org/flutter_rating_bar-3.0.1+1/lib" />
      <root url="file://C:/flutter_windows_v1.9.1+hotfix.6-stable/flutter/.pub-cache/hosted/pub.dartlang.org/flutter_screenutil-1.1.0/lib" />
      <root url="file://C:/flutter_windows_v1.9.1+hotfix.6-stable/flutter/.pub-cache/hosted/pub.dartlang.org/flutter_swiper-1.1.6/lib" />
      <root url="file://C:/flutter_windows_v1.9.1+hotfix.6-stable/flutter/.pub-cache/hosted/pub.dartlang.org/fluttertoast-3.1.3/lib" />
      <root url="file://C:/flutter_windows_v1.9.1+hotfix.6-stable/flutter/.pub-cache/hosted/pub.dartlang.org/geohash-0.2.1/lib" />
      <root url="file://C:/flutter_windows_v1.9.1+hotfix.6-stable/flutter/.pub-cache/hosted/pub.dartlang.org/geolocator-5.3.0/lib" />
      <root url="file://C:/flutter_windows_v1.9.1+hotfix.6-stable/flutter/.pub-cache/hosted/pub.dartlang.org/glob-1.2.0/lib" />
      <root url="file://C:/flutter_windows_v1.9.1+hotfix.6-stable/flutter/.pub-cache/hosted/pub.dartlang.org/google_api_availability-2.0.3/lib" />
      <root url="file://C:/flutter_windows_v1.9.1+hotfix.6-stable/flutter/.pub-cache/hosted/pub.dartlang.org/google_maps_flutter-0.5.14+1/lib" />
      <root url="file://C:/flutter_windows_v1.9.1+hotfix.6-stable/flutter/.pub-cache/hosted/pub.dartlang.org/google_maps_flutter-0.5.21+15/lib" />
      <root url="file://C:/flutter_windows_v1.9.1+hotfix.6-stable/flutter/.pub-cache/hosted/pub.dartlang.org/google_maps_flutter-0.5.25+1/lib" />
      <root url="file://C:/flutter_windows_v1.9.1+hotfix.6-stable/flutter/.pub-cache/hosted/pub.dartlang.org/google_maps_webservice-0.0.16/lib" />
      <root url="file://C:/flutter_windows_v1.9.1+hotfix.6-stable/flutter/.pub-cache/hosted/pub.dartlang.org/graphs-0.2.0/lib" />
      <root url="file://C:/flutter_windows_v1.9.1+hotfix.6-stable/flutter/.pub-cache/hosted/pub.dartlang.org/great_circle_distance2-1.0.1+1/lib" />
      <root url="file://C:/flutter_windows_v1.9.1+hotfix.6-stable/flutter/.pub-cache/hosted/pub.dartlang.org/html-0.14.0+3/lib" />
      <root url="file://C:/flutter_windows_v1.9.1+hotfix.6-stable/flutter/.pub-cache/hosted/pub.dartlang.org/http-0.12.0+2/lib" />
      <root url="file://C:/flutter_windows_v1.9.1+hotfix.6-stable/flutter/.pub-cache/hosted/pub.dartlang.org/http-0.12.0+4/lib" />
      <root url="file://C:/flutter_windows_v1.9.1+hotfix.6-stable/flutter/.pub-cache/hosted/pub.dartlang.org/http_multi_server-2.2.0/lib" />
      <root url="file://C:/flutter_windows_v1.9.1+hotfix.6-stable/flutter/.pub-cache/hosted/pub.dartlang.org/http_parser-3.1.3/lib" />
      <root url="file://C:/flutter_windows_v1.9.1+hotfix.6-stable/flutter/.pub-cache/hosted/pub.dartlang.org/http_parser-3.1.4/lib" />
      <root url="file://C:/flutter_windows_v1.9.1+hotfix.6-stable/flutter/.pub-cache/hosted/pub.dartlang.org/image-2.1.4/lib" />
      <root url="file://C:/flutter_windows_v1.9.1+hotfix.6-stable/flutter/.pub-cache/hosted/pub.dartlang.org/image_picker-0.6.3+4/lib" />
      <root url="file://C:/flutter_windows_v1.9.1+hotfix.6-stable/flutter/.pub-cache/hosted/pub.dartlang.org/international_phone_input-1.0.3/lib" />
      <root url="file://C:/flutter_windows_v1.9.1+hotfix.6-stable/flutter/.pub-cache/hosted/pub.dartlang.org/intl-0.16.0/lib" />
      <root url="file://C:/flutter_windows_v1.9.1+hotfix.6-stable/flutter/.pub-cache/hosted/pub.dartlang.org/io-0.3.3/lib" />
      <root url="file://C:/flutter_windows_v1.9.1+hotfix.6-stable/flutter/.pub-cache/hosted/pub.dartlang.org/js-0.6.1+1/lib" />
      <root url="file://C:/flutter_windows_v1.9.1+hotfix.6-stable/flutter/.pub-cache/hosted/pub.dartlang.org/json_annotation-3.0.1/lib" />
      <root url="file://C:/flutter_windows_v1.9.1+hotfix.6-stable/flutter/.pub-cache/hosted/pub.dartlang.org/json_serializable-3.3.0/lib" />
      <root url="file://C:/flutter_windows_v1.9.1+hotfix.6-stable/flutter/.pub-cache/hosted/pub.dartlang.org/libphonenumber-1.0.1/lib" />
      <root url="file://C:/flutter_windows_v1.9.1+hotfix.6-stable/flutter/.pub-cache/hosted/pub.dartlang.org/loading-1.0.2/lib" />
      <root url="file://C:/flutter_windows_v1.9.1+hotfix.6-stable/flutter/.pub-cache/hosted/pub.dartlang.org/location_permissions-2.0.5/lib" />
      <root url="file://C:/flutter_windows_v1.9.1+hotfix.6-stable/flutter/.pub-cache/hosted/pub.dartlang.org/logging-0.11.4/lib" />
      <root url="file://C:/flutter_windows_v1.9.1+hotfix.6-stable/flutter/.pub-cache/hosted/pub.dartlang.org/matcher-0.12.6/lib" />
      <root url="file://C:/flutter_windows_v1.9.1+hotfix.6-stable/flutter/.pub-cache/hosted/pub.dartlang.org/meta-1.1.8/lib" />
      <root url="file://C:/flutter_windows_v1.9.1+hotfix.6-stable/flutter/.pub-cache/hosted/pub.dartlang.org/mime-0.9.6+3/lib" />
      <root url="file://C:/flutter_windows_v1.9.1+hotfix.6-stable/flutter/.pub-cache/hosted/pub.dartlang.org/multi_image_picker-4.6.4/lib" />
      <root url="file://C:/flutter_windows_v1.9.1+hotfix.6-stable/flutter/.pub-cache/hosted/pub.dartlang.org/multi_server_socket-1.0.2/lib" />
      <root url="file://C:/flutter_windows_v1.9.1+hotfix.6-stable/flutter/.pub-cache/hosted/pub.dartlang.org/nested-0.0.4/lib" />
      <root url="file://C:/flutter_windows_v1.9.1+hotfix.6-stable/flutter/.pub-cache/hosted/pub.dartlang.org/node_interop-1.0.3/lib" />
      <root url="file://C:/flutter_windows_v1.9.1+hotfix.6-stable/flutter/.pub-cache/hosted/pub.dartlang.org/node_io-1.0.1+2/lib" />
      <root url="file://C:/flutter_windows_v1.9.1+hotfix.6-stable/flutter/.pub-cache/hosted/pub.dartlang.org/node_preamble-1.4.8/lib" />
      <root url="file://C:/flutter_windows_v1.9.1+hotfix.6-stable/flutter/.pub-cache/hosted/pub.dartlang.org/open_iconic_flutter-0.3.0/lib" />
      <root url="file://C:/flutter_windows_v1.9.1+hotfix.6-stable/flutter/.pub-cache/hosted/pub.dartlang.org/package_config-1.9.2/lib" />
      <root url="file://C:/flutter_windows_v1.9.1+hotfix.6-stable/flutter/.pub-cache/hosted/pub.dartlang.org/package_resolver-1.0.10/lib" />
      <root url="file://C:/flutter_windows_v1.9.1+hotfix.6-stable/flutter/.pub-cache/hosted/pub.dartlang.org/path-1.6.4/lib" />
      <root url="file://C:/flutter_windows_v1.9.1+hotfix.6-stable/flutter/.pub-cache/hosted/pub.dartlang.org/path_drawing-0.4.1/lib" />
      <root url="file://C:/flutter_windows_v1.9.1+hotfix.6-stable/flutter/.pub-cache/hosted/pub.dartlang.org/path_parsing-0.1.4/lib" />
      <root url="file://C:/flutter_windows_v1.9.1+hotfix.6-stable/flutter/.pub-cache/hosted/pub.dartlang.org/path_provider-1.1.0/lib" />
      <root url="file://C:/flutter_windows_v1.9.1+hotfix.6-stable/flutter/.pub-cache/hosted/pub.dartlang.org/path_provider-1.6.5/lib" />
      <root url="file://C:/flutter_windows_v1.9.1+hotfix.6-stable/flutter/.pub-cache/hosted/pub.dartlang.org/path_provider_macos-0.0.4/lib" />
      <root url="file://C:/flutter_windows_v1.9.1+hotfix.6-stable/flutter/.pub-cache/hosted/pub.dartlang.org/path_provider_platform_interface-1.0.1/lib" />
      <root url="file://C:/flutter_windows_v1.9.1+hotfix.6-stable/flutter/.pub-cache/hosted/pub.dartlang.org/pedantic-1.8.0+1/lib" />
      <root url="file://C:/flutter_windows_v1.9.1+hotfix.6-stable/flutter/.pub-cache/hosted/pub.dartlang.org/permission_handler-3.3.0/lib" />
      <root url="file://C:/flutter_windows_v1.9.1+hotfix.6-stable/flutter/.pub-cache/hosted/pub.dartlang.org/petitparser-2.4.0/lib" />
      <root url="file://C:/flutter_windows_v1.9.1+hotfix.6-stable/flutter/.pub-cache/hosted/pub.dartlang.org/photo_view-0.9.2/lib" />
      <root url="file://C:/flutter_windows_v1.9.1+hotfix.6-stable/flutter/.pub-cache/hosted/pub.dartlang.org/platform-2.2.1/lib" />
      <root url="file://C:/flutter_windows_v1.9.1+hotfix.6-stable/flutter/.pub-cache/hosted/pub.dartlang.org/plugin_platform_interface-1.0.2/lib" />
      <root url="file://C:/flutter_windows_v1.9.1+hotfix.6-stable/flutter/.pub-cache/hosted/pub.dartlang.org/pool-1.4.0/lib" />
      <root url="file://C:/flutter_windows_v1.9.1+hotfix.6-stable/flutter/.pub-cache/hosted/pub.dartlang.org/provider-4.0.4/lib" />
      <root url="file://C:/flutter_windows_v1.9.1+hotfix.6-stable/flutter/.pub-cache/hosted/pub.dartlang.org/pub_semver-1.4.4/lib" />
      <root url="file://C:/flutter_windows_v1.9.1+hotfix.6-stable/flutter/.pub-cache/hosted/pub.dartlang.org/pubspec_parse-0.1.5/lib" />
      <root url="file://C:/flutter_windows_v1.9.1+hotfix.6-stable/flutter/.pub-cache/hosted/pub.dartlang.org/quiver-2.0.5/lib" />
      <root url="file://C:/flutter_windows_v1.9.1+hotfix.6-stable/flutter/.pub-cache/hosted/pub.dartlang.org/rxdart-0.23.1/lib" />
      <root url="file://C:/flutter_windows_v1.9.1+hotfix.6-stable/flutter/.pub-cache/hosted/pub.dartlang.org/shared_preferences-0.5.6+3/lib" />
      <root url="file://C:/flutter_windows_v1.9.1+hotfix.6-stable/flutter/.pub-cache/hosted/pub.dartlang.org/shared_preferences_macos-0.0.1+6/lib" />
      <root url="file://C:/flutter_windows_v1.9.1+hotfix.6-stable/flutter/.pub-cache/hosted/pub.dartlang.org/shared_preferences_platform_interface-1.0.3/lib" />
      <root url="file://C:/flutter_windows_v1.9.1+hotfix.6-stable/flutter/.pub-cache/hosted/pub.dartlang.org/shared_preferences_web-0.1.2+4/lib" />
      <root url="file://C:/flutter_windows_v1.9.1+hotfix.6-stable/flutter/.pub-cache/hosted/pub.dartlang.org/shelf-0.7.5/lib" />
      <root url="file://C:/flutter_windows_v1.9.1+hotfix.6-stable/flutter/.pub-cache/hosted/pub.dartlang.org/shelf_packages_handler-1.0.4/lib" />
      <root url="file://C:/flutter_windows_v1.9.1+hotfix.6-stable/flutter/.pub-cache/hosted/pub.dartlang.org/shelf_static-0.2.8/lib" />
      <root url="file://C:/flutter_windows_v1.9.1+hotfix.6-stable/flutter/.pub-cache/hosted/pub.dartlang.org/shelf_web_socket-0.2.3/lib" />
      <root url="file://C:/flutter_windows_v1.9.1+hotfix.6-stable/flutter/.pub-cache/hosted/pub.dartlang.org/sliding_sheet-0.2.12/lib" />
      <root url="file://C:/flutter_windows_v1.9.1+hotfix.6-stable/flutter/.pub-cache/hosted/pub.dartlang.org/sliding_up_panel-0.3.6/lib" />
      <root url="file://C:/flutter_windows_v1.9.1+hotfix.6-stable/flutter/.pub-cache/hosted/pub.dartlang.org/source_gen-0.9.5/lib" />
      <root url="file://C:/flutter_windows_v1.9.1+hotfix.6-stable/flutter/.pub-cache/hosted/pub.dartlang.org/source_map_stack_trace-1.1.5/lib" />
      <root url="file://C:/flutter_windows_v1.9.1+hotfix.6-stable/flutter/.pub-cache/hosted/pub.dartlang.org/source_maps-0.10.9/lib" />
      <root url="file://C:/flutter_windows_v1.9.1+hotfix.6-stable/flutter/.pub-cache/hosted/pub.dartlang.org/source_span-1.5.5/lib" />
      <root url="file://C:/flutter_windows_v1.9.1+hotfix.6-stable/flutter/.pub-cache/hosted/pub.dartlang.org/sqflite-1.1.6+1/lib" />
      <root url="file://C:/flutter_windows_v1.9.1+hotfix.6-stable/flutter/.pub-cache/hosted/pub.dartlang.org/sqflite-1.3.0/lib" />
      <root url="file://C:/flutter_windows_v1.9.1+hotfix.6-stable/flutter/.pub-cache/hosted/pub.dartlang.org/sqflite_common-1.0.0+1/lib" />
      <root url="file://C:/flutter_windows_v1.9.1+hotfix.6-stable/flutter/.pub-cache/hosted/pub.dartlang.org/stack_trace-1.9.3/lib" />
      <root url="file://C:/flutter_windows_v1.9.1+hotfix.6-stable/flutter/.pub-cache/hosted/pub.dartlang.org/sticky_headers-0.1.8+1/lib" />
      <root url="file://C:/flutter_windows_v1.9.1+hotfix.6-stable/flutter/.pub-cache/hosted/pub.dartlang.org/stream_channel-2.0.0/lib" />
      <root url="file://C:/flutter_windows_v1.9.1+hotfix.6-stable/flutter/.pub-cache/hosted/pub.dartlang.org/stream_transform-1.2.0/lib" />
      <root url="file://C:/flutter_windows_v1.9.1+hotfix.6-stable/flutter/.pub-cache/hosted/pub.dartlang.org/string_scanner-1.0.5/lib" />
      <root url="file://C:/flutter_windows_v1.9.1+hotfix.6-stable/flutter/.pub-cache/hosted/pub.dartlang.org/synchronized-2.1.0+1/lib" />
      <root url="file://C:/flutter_windows_v1.9.1+hotfix.6-stable/flutter/.pub-cache/hosted/pub.dartlang.org/synchronized-2.2.0/lib" />
      <root url="file://C:/flutter_windows_v1.9.1+hotfix.6-stable/flutter/.pub-cache/hosted/pub.dartlang.org/term_glyph-1.1.0/lib" />
      <root url="file://C:/flutter_windows_v1.9.1+hotfix.6-stable/flutter/.pub-cache/hosted/pub.dartlang.org/test-1.9.4/lib" />
      <root url="file://C:/flutter_windows_v1.9.1+hotfix.6-stable/flutter/.pub-cache/hosted/pub.dartlang.org/test_api-0.2.11/lib" />
      <root url="file://C:/flutter_windows_v1.9.1+hotfix.6-stable/flutter/.pub-cache/hosted/pub.dartlang.org/test_core-0.2.15/lib" />
      <root url="file://C:/flutter_windows_v1.9.1+hotfix.6-stable/flutter/.pub-cache/hosted/pub.dartlang.org/timing-0.1.1+2/lib" />
      <root url="file://C:/flutter_windows_v1.9.1+hotfix.6-stable/flutter/.pub-cache/hosted/pub.dartlang.org/transformer_page_view-0.1.6/lib" />
      <root url="file://C:/flutter_windows_v1.9.1+hotfix.6-stable/flutter/.pub-cache/hosted/pub.dartlang.org/typed_data-1.1.6/lib" />
      <root url="file://C:/flutter_windows_v1.9.1+hotfix.6-stable/flutter/.pub-cache/hosted/pub.dartlang.org/url_launcher-5.4.2/lib" />
      <root url="file://C:/flutter_windows_v1.9.1+hotfix.6-stable/flutter/.pub-cache/hosted/pub.dartlang.org/url_launcher_macos-0.0.1+4/lib" />
      <root url="file://C:/flutter_windows_v1.9.1+hotfix.6-stable/flutter/.pub-cache/hosted/pub.dartlang.org/url_launcher_platform_interface-1.0.6/lib" />
      <root url="file://C:/flutter_windows_v1.9.1+hotfix.6-stable/flutter/.pub-cache/hosted/pub.dartlang.org/url_launcher_web-0.1.1+1/lib" />
      <root url="file://C:/flutter_windows_v1.9.1+hotfix.6-stable/flutter/.pub-cache/hosted/pub.dartlang.org/uuid-2.0.4/lib" />
      <root url="file://C:/flutter_windows_v1.9.1+hotfix.6-stable/flutter/.pub-cache/hosted/pub.dartlang.org/vector_math-2.0.8/lib" />
      <root url="file://C:/flutter_windows_v1.9.1+hotfix.6-stable/flutter/.pub-cache/hosted/pub.dartlang.org/video_player-0.10.8+1/lib" />
      <root url="file://C:/flutter_windows_v1.9.1+hotfix.6-stable/flutter/.pub-cache/hosted/pub.dartlang.org/video_player_platform_interface-1.0.5/lib" />
      <root url="file://C:/flutter_windows_v1.9.1+hotfix.6-stable/flutter/.pub-cache/hosted/pub.dartlang.org/video_player_web-0.1.2+1/lib" />
      <root url="file://C:/flutter_windows_v1.9.1+hotfix.6-stable/flutter/.pub-cache/hosted/pub.dartlang.org/vm_service-2.3.1/lib" />
      <root url="file://C:/flutter_windows_v1.9.1+hotfix.6-stable/flutter/.pub-cache/hosted/pub.dartlang.org/wakelock-0.1.4+1/lib" />
      <root url="file://C:/flutter_windows_v1.9.1+hotfix.6-stable/flutter/.pub-cache/hosted/pub.dartlang.org/watcher-0.9.7+14/lib" />
      <root url="file://C:/flutter_windows_v1.9.1+hotfix.6-stable/flutter/.pub-cache/hosted/pub.dartlang.org/web_socket_channel-1.1.0/lib" />
      <root url="file://C:/flutter_windows_v1.9.1+hotfix.6-stable/flutter/.pub-cache/hosted/pub.dartlang.org/xml-3.5.0/lib" />
      <root url="file://C:/flutter_windows_v1.9.1+hotfix.6-stable/flutter/.pub-cache/hosted/pub.dartlang.org/yaml-2.2.0/lib" />
      <root url="file://C:/flutter_windows_v1.9.1+hotfix.6-stable/flutter/.pub-cache/hosted/pub.dartlang.org/youtube_explode_dart-0.0.16/lib" />
      <root url="file://C:/flutter_windows_v1.9.1+hotfix.6-stable/flutter/.pub-cache/hosted/pub.dartlang.org/youtube_parser-1.1.0/lib" />
      <root url="file://C:/flutter_windows_v1.9.1+hotfix.6-stable/flutter/bin/cache/pkg/sky_engine/lib" />
      <root url="file://C:/flutter_windows_v1.9.1+hotfix.6-stable/flutter/packages/flutter/lib" />
      <root url="file://C:/flutter_windows_v1.9.1+hotfix.6-stable/flutter/packages/flutter_localizations/lib" />
      <root url="file://C:/flutter_windows_v1.9.1+hotfix.6-stable/flutter/packages/flutter_test/lib" />
      <root url="file://C:/flutter_windows_v1.9.1+hotfix.6-stable/flutter/packages/flutter_web_plugins/lib" />
    </CLASSES>
    <JAVADOC />
    <SOURCES />
  </library>
</component>