<component name="libraryTable">
  <library name="Flutter Plugins">
    <CLASSES>
      <root url="file://C:/flutter_windows_v1.9.1+hotfix.6-stable/flutter/.pub-cache/git/flutter_kakao_login-eb74a6f7edff6a75b7ad6112bf7d809b610215aa" />
      <root url="file://C:/flutter_windows_v1.9.1+hotfix.6-stable/flutter/.pub-cache/hosted/pub.dartlang.org/flutter_facebook_login-3.0.0" />
      <root url="file://C:/flutter_windows_v1.9.1+hotfix.6-stable/flutter/.pub-cache/hosted/pub.dartlang.org/firebase_auth-0.14.0+9" />
      <root url="file://C:/flutter_windows_v1.9.1+hotfix.6-stable/flutter/.pub-cache/hosted/pub.dartlang.org/permission_handler-3.3.0" />
      <root url="file://C:/flutter_windows_v1.9.1+hotfix.6-stable/flutter/.pub-cache/hosted/pub.dartlang.org/video_player_web-0.1.2+1" />
      <root url="file://C:/flutter_windows_v1.9.1+hotfix.6-stable/flutter/.pub-cache/hosted/pub.dartlang.org/video_player-0.10.8+1" />
      <root url="file://C:/flutter_windows_v1.9.1+hotfix.6-stable/flutter/.pub-cache/hosted/pub.dartlang.org/flutter_naver_login-1.1.1" />
      <root url="file://C:/flutter_windows_v1.9.1+hotfix.6-stable/flutter/.pub-cache/hosted/pub.dartlang.org/flutter_keyboard_visibility-0.7.0" />
      <root url="file://C:/flutter_windows_v1.9.1+hotfix.6-stable/flutter/.pub-cache/git/flutter_sms_receiver-84cfed2a3517c8fd393a65f673c06945e86b8106" />
      <root url="file://C:/flutter_windows_v1.9.1+hotfix.6-stable/flutter/.pub-cache/hosted/pub.dartlang.org/fluttertoast-3.1.3" />
      <root url="file://C:/flutter_windows_v1.9.1+hotfix.6-stable/flutter/.pub-cache/hosted/pub.dartlang.org/libphonenumber-1.0.1" />
      <root url="file://C:/flutter_windows_v1.9.1+hotfix.6-stable/flutter/.pub-cache/hosted/pub.dartlang.org/flutter_local_notifications-0.9.1+3" />
      <root url="file://C:/flutter_windows_v1.9.1+hotfix.6-stable/flutter/.pub-cache/hosted/pub.dartlang.org/url_launcher-5.4.2" />
      <root url="file://C:/flutter_windows_v1.9.1+hotfix.6-stable/flutter/.pub-cache/hosted/pub.dartlang.org/url_launcher_macos-0.0.1+4" />
      <root url="file://C:/flutter_windows_v1.9.1+hotfix.6-stable/flutter/.pub-cache/hosted/pub.dartlang.org/wakelock-0.1.4+1" />
      <root url="file://C:/flutter_windows_v1.9.1+hotfix.6-stable/flutter/.pub-cache/hosted/pub.dartlang.org/url_launcher_web-0.1.1+1" />
      <root url="file://C:/flutter_windows_v1.9.1+hotfix.6-stable/flutter/.pub-cache/hosted/pub.dartlang.org/google_api_availability-2.0.3" />
      <root url="file://C:/flutter_windows_v1.9.1+hotfix.6-stable/flutter/.pub-cache/hosted/pub.dartlang.org/firebase_analytics-5.0.11" />
      <root url="file://C:/flutter_windows_v1.9.1+hotfix.6-stable/flutter/.pub-cache/hosted/pub.dartlang.org/location_permissions-2.0.5" />
      <root url="file://C:/flutter_windows_v1.9.1+hotfix.6-stable/flutter/.pub-cache/hosted/pub.dartlang.org/firebase_messaging-6.0.13" />
      <root url="file://C:/flutter_windows_v1.9.1+hotfix.6-stable/flutter/.pub-cache/hosted/pub.dartlang.org/flutter_plugin_android_lifecycle-1.0.6" />
      <root url="file://C:/flutter_windows_v1.9.1+hotfix.6-stable/flutter/.pub-cache/hosted/pub.dartlang.org/google_maps_flutter-0.5.25+1" />
      <root url="file://C:/flutter_windows_v1.9.1+hotfix.6-stable/flutter/.pub-cache/hosted/pub.dartlang.org/multi_image_picker-4.6.4" />
      <root url="file://C:/flutter_windows_v1.9.1+hotfix.6-stable/flutter/.pub-cache/hosted/pub.dartlang.org/geolocator-5.3.0" />
      <root url="file://C:/flutter_windows_v1.9.1+hotfix.6-stable/flutter/.pub-cache/hosted/pub.dartlang.org/firebase_core_web-0.1.1+2" />
      <root url="file://C:/flutter_windows_v1.9.1+hotfix.6-stable/flutter/.pub-cache/hosted/pub.dartlang.org/firebase_core-0.4.4+3" />
      <root url="file://C:/flutter_windows_v1.9.1+hotfix.6-stable/flutter/.pub-cache/hosted/pub.dartlang.org/image_picker-0.6.3+4" />
      <root url="file://C:/flutter_windows_v1.9.1+hotfix.6-stable/flutter/.pub-cache/hosted/pub.dartlang.org/path_provider-1.6.5" />
      <root url="file://C:/flutter_windows_v1.9.1+hotfix.6-stable/flutter/.pub-cache/hosted/pub.dartlang.org/path_provider_macos-0.0.4" />
      <root url="file://C:/flutter_windows_v1.9.1+hotfix.6-stable/flutter/.pub-cache/hosted/pub.dartlang.org/sqflite-1.3.0" />
      <root url="file://C:/flutter_windows_v1.9.1+hotfix.6-stable/flutter/.pub-cache/hosted/pub.dartlang.org/shared_preferences_web-0.1.2+4" />
      <root url="file://C:/flutter_windows_v1.9.1+hotfix.6-stable/flutter/.pub-cache/hosted/pub.dartlang.org/shared_preferences-0.5.6+3" />
    </CLASSES>
    <JAVADOC />
    <SOURCES />
  </library>
</component>