<?xml version="1.0" encoding="UTF-8"?>
<project version="4">
  <component name="AndroidLogFilters">
    <option name="TOOL_WINDOW_CONFIGURED_FILTER" value="Show only selected application" />
  </component>
  <component name="ChangeListManager">
    <list default="true" id="dc51e1f4-fcf6-473f-b3e0-e20ab1a13d20" name="Default Changelist" comment="">
      <change afterPath="$PROJECT_DIR$/lib/FBall/Dto/BallNameSearchReqDto.dart" afterDir="false" />
      <change afterPath="$PROJECT_DIR$/lib/FBall/Dto/BallNameSearchReqDto.g.dart" afterDir="false" />
      <change afterPath="$PROJECT_DIR$/lib/HCodePage/H005/H00501/H00501DropdownItemType.dart" afterDir="false" />
      <change afterPath="$PROJECT_DIR$/lib/HCodePage/H005/H00501/H00501Ordersenum.dart" afterDir="false" />
      <change afterPath="$PROJECT_DIR$/lib/HCodePage/H005/H00501/H00501PageViewModel.dart" afterDir="false" />
      <change afterPath="$PROJECT_DIR$/lib/generated/json/base/json_convert_content.dart" afterDir="false" />
      <change afterPath="$PROJECT_DIR$/lib/generated/json/base/json_filed.dart" afterDir="false" />
      <change afterPath="$PROJECT_DIR$/lib/generated/json/h005_test_entity_helper.dart" afterDir="false" />
      <change afterPath="$PROJECT_DIR$/lib/h005_test_entity.dart" afterDir="false" />
      <change beforePath="$PROJECT_DIR$/lib/Common/PageableDto/MultiSorts.dart" beforeDir="false" afterPath="$PROJECT_DIR$/lib/Common/PageableDto/MultiSorts.dart" afterDir="false" />
      <change beforePath="$PROJECT_DIR$/lib/Common/TimeUitl/TimeDisplayUtil.dart" beforeDir="false" afterPath="$PROJECT_DIR$/lib/Common/TimeUitl/TimeDisplayUtil.dart" afterDir="false" />
      <change beforePath="$PROJECT_DIR$/lib/FBall/Dto/FBallListUpWrapDto.dart" beforeDir="false" afterPath="$PROJECT_DIR$/lib/FBall/Dto/FBallListUpWrapDto.dart" afterDir="false" />
      <change beforePath="$PROJECT_DIR$/lib/FBall/Dto/FBallListUpWrapDto.g.dart" beforeDir="false" afterPath="$PROJECT_DIR$/lib/FBall/Dto/FBallListUpWrapDto.g.dart" afterDir="false" />
      <change beforePath="$PROJECT_DIR$/lib/FBall/Repository/FBallRepository.dart" beforeDir="false" afterPath="$PROJECT_DIR$/lib/FBall/Repository/FBallRepository.dart" afterDir="false" />
      <change beforePath="$PROJECT_DIR$/lib/FBall/Widget/IssueBall/Style1/IssueBallWidgetStyle1.dart" beforeDir="false" afterPath="$PROJECT_DIR$/lib/FBall/Widget/IssueBall/Style1/IssueBallWidgetStyle1.dart" afterDir="false" />
      <change beforePath="$PROJECT_DIR$/lib/FBall/Widget/IssueBall/Style1/IssueBallWidgetSyle1ViewModel.dart" beforeDir="false" afterPath="$PROJECT_DIR$/lib/FBall/Widget/IssueBall/Style1/IssueBallWidgetSyle1ViewModel.dart" afterDir="false" />
      <change beforePath="$PROJECT_DIR$/lib/HCodePage/H001/H001ViewModel.dart" beforeDir="false" afterPath="$PROJECT_DIR$/lib/HCodePage/H001/H001ViewModel.dart" afterDir="false" />
      <change beforePath="$PROJECT_DIR$/lib/HCodePage/H004/H004MainPage.dart" beforeDir="false" afterPath="$PROJECT_DIR$/lib/HCodePage/H004/H004MainPage.dart" afterDir="false" />
      <change beforePath="$PROJECT_DIR$/lib/HCodePage/H004/H004MainPageViewModel.dart" beforeDir="false" afterPath="$PROJECT_DIR$/lib/HCodePage/H004/H004MainPageViewModel.dart" afterDir="false" />
      <change beforePath="$PROJECT_DIR$/lib/HCodePage/H005/H00501/H00501Page.dart" beforeDir="false" afterPath="$PROJECT_DIR$/lib/HCodePage/H005/H00501/H00501Page.dart" afterDir="false" />
      <change beforePath="$PROJECT_DIR$/lib/HCodePage/H005/H005MainPage.dart" beforeDir="false" afterPath="$PROJECT_DIR$/lib/HCodePage/H005/H005MainPage.dart" afterDir="false" />
      <change beforePath="$PROJECT_DIR$/lib/HCodePage/H005/H005MainPageViewModel.dart" beforeDir="false" afterPath="$PROJECT_DIR$/lib/HCodePage/H005/H005MainPageViewModel.dart" afterDir="false" />
      <change beforePath="$PROJECT_DIR$/lib/Splash/SplashPageViewModel.dart" beforeDir="false" afterPath="$PROJECT_DIR$/lib/Splash/SplashPageViewModel.dart" afterDir="false" />
    </list>
    <option name="SHOW_DIALOG" value="false" />
    <option name="HIGHLIGHT_CONFLICTS" value="true" />
    <option name="HIGHLIGHT_NON_ACTIVE_CHANGELIST" value="false" />
    <option name="LAST_RESOLUTION" value="IGNORE" />
  </component>
  <component name="DatabaseView">
    <option name="SHOW_INTERMEDIATE" value="true" />
    <option name="GROUP_DATA_SOURCES" value="true" />
    <option name="GROUP_SCHEMA" value="true" />
    <option name="GROUP_CONTENTS" value="false" />
    <option name="SORT_POSITIONED" value="false" />
    <option name="SHOW_EMPTY_GROUPS" value="false" />
    <option name="AUTO_SCROLL_FROM_SOURCE" value="false" />
    <option name="HIDDEN_KINDS">
      <set />
    </option>
    <expand />
    <select />
  </component>
  <component name="DefaultGradleProjectSettings">
    <option name="testRunner" value="GRADLE" />
    <option name="delegatedBuild" value="true" />
  </component>
  <component name="ExecutionTargetManager" SELECTED_TARGET="flutter_emulator" />
  <component name="FileTemplateManagerImpl">
    <option name="RECENT_TEMPLATES">
      <list>
        <option value="Class" />
        <option value="Dart File" />
      </list>
    </option>
  </component>
  <component name="FlutterView" splitter-proportion="0.6416309" />
  <component name="Git.Settings">
    <option name="RECENT_GIT_ROOT_PATH" value="$PROJECT_DIR$" />
  </component>
  <component name="ProjectId" id="1ZfY2usZb5DWFMTlAULJ43LcWtJ" />
  <component name="ProjectLevelVcsManager" settingsEditedManually="true">
    <ConfirmationsSetting value="2" id="Add" />
  </component>
  <component name="ProjectViewState">
    <option name="hideEmptyMiddlePackages" value="true" />
    <option name="showExcludedFiles" value="true" />
    <option name="showLibraryContents" value="true" />
  </component>
  <component name="PropertiesComponent">
    <property name="ASKED_ADD_EXTERNAL_FILES" value="true" />
    <property name="WebServerToolWindowFactoryState" value="false" />
    <property name="aspect.path.notification.shown" value="true" />
    <property name="dart.analysis.tool.window.force.activate" value="false" />
    <property name="io.flutter.reload.alreadyRun" value="true" />
    <property name="last_opened_file_path" value="$PROJECT_DIR$" />
    <property name="node.js.detected.package.eslint" value="true" />
    <property name="node.js.detected.package.tslint" value="true" />
    <property name="node.js.path.for.package.eslint" value="project" />
    <property name="node.js.path.for.package.tslint" value="project" />
    <property name="node.js.selected.package.eslint" value="(autodetect)" />
    <property name="node.js.selected.package.tslint" value="(autodetect)" />
    <property name="nodejs_package_manager_path" value="npm" />
    <property name="project.structure.last.edited" value="SDKs" />
    <property name="project.structure.proportion" value="0.15" />
    <property name="project.structure.side.proportion" value="0.2" />
    <property name="run.code.analysis.last.selected.profile" value="pProject Default" />
    <property name="settings.editor.selected.configurable" value="preferences.pluginManager" />
    <property name="show.migrate.to.gradle.popup" value="false" />
  </component>
  <component name="RecentsManager">
    <key name="MoveFile.RECENT_KEYS">
      <recent name="C:\workproject\FlutterPro\forutonafront\lib\FBall\Widget\IssueBall\Style2" />
      <recent name="C:\workproject\FlutterPro\forutonafront\lib\FBall\Widget\IssueBall\Style1" />
      <recent name="C:\workproject\FlutterPro\forutonafront\lib\FBall\Widget\BallSupport" />
      <recent name="C:\workproject\FlutterPro\forutonafront\lib\FBall\Widget\IssueBall" />
      <recent name="C:\workproject\FlutterPro\forutonafront\lib\HCodePage\H001\BallWidgets" />
    </key>
  </component>
  <component name="SvnConfiguration">
    <configuration />
  </component>
  <component name="TaskManager">
    <task active="true" id="Default" summary="Default task">
      <changelist id="dc51e1f4-fcf6-473f-b3e0-e20ab1a13d20" name="Default Changelist" comment="" />
      <created>1584768786059</created>
      <option name="number" value="Default" />
      <option name="presentableId" value="Default" />
      <updated>1584768786059</updated>
      <workItem from="1585231413933" duration="22000" />
      <workItem from="1585231460486" duration="42000" />
      <workItem from="1585231676830" duration="7799000" />
      <workItem from="1585301867708" duration="17528000" />
      <workItem from="1585362200094" duration="4975000" />
      <workItem from="1585453379800" duration="3599000" />
      <workItem from="1585563443018" duration="4027000" />
      <workItem from="1585567483961" duration="16209000" />
      <workItem from="1585649242847" duration="22260000" />
      <workItem from="1585711062719" duration="18603000" />
      <workItem from="1585979940985" duration="4866000" />
      <workItem from="1586015548755" duration="5658000" />
      <workItem from="1586055887909" duration="19919000" />
      <workItem from="1586079122345" duration="11890000" />
      <workItem from="1586092526227" duration="4925000" />
      <workItem from="1586170227435" duration="21470000" />
      <workItem from="1586254450499" duration="15779000" />
      <workItem from="1586338627401" duration="1348000" />
      <workItem from="1586340048143" duration="292000" />
      <workItem from="1586340386118" duration="429000" />
      <workItem from="1586340863035" duration="22000" />
    </task>
    <task id="LOCAL-00001" summary="ForntEnd쪽 StateMent Provider 적용&#10; 코드 추후 시너지 효과를 위함">
      <created>1585240212177</created>
      <option name="number" value="00001" />
      <option name="presentableId" value="LOCAL-00001" />
      <option name="project" value="LOCAL" />
      <updated>1585240212177</updated>
    </task>
    <task id="LOCAL-00002" summary="H001 Page 랭킹 개발중 &#10;1.Adobe XD 와 화면 사이즈 100% 일치 적용 추후 사이즈 고민 X &#10;2.Provider(MV) &amp; MVVM 패턴 전격 적용 개발 &#10;  -&gt;스트레스 감소 및 단순화로 인한 버그 발생 저하">
      <created>1585326105971</created>
      <option name="number" value="00002" />
      <option name="presentableId" value="LOCAL-00002" />
      <option name="project" value="LOCAL" />
      <updated>1585326105971</updated>
    </task>
    <task id="LOCAL-00003" summary="Tag 순위 부분 벡엔드와 연동 완료">
      <created>1585482973983</created>
      <option name="number" value="00003" />
      <option name="presentableId" value="LOCAL-00003" />
      <option name="project" value="LOCAL" />
      <updated>1585482973983</updated>
    </task>
    <task id="LOCAL-00004" summary="H001 H002 개발 Hero 애니메이션 적용">
      <created>1585754183907</created>
      <option name="number" value="00004" />
      <option name="presentableId" value="LOCAL-00004" />
      <option name="project" value="LOCAL" />
      <updated>1585754183907</updated>
    </task>
    <task id="LOCAL-00005" summary="H001 List UP H003 List Up">
      <created>1586097252678</created>
      <option name="number" value="00005" />
      <option name="presentableId" value="LOCAL-00005" />
      <option name="project" value="LOCAL" />
      <updated>1586097252678</updated>
    </task>
    <task id="LOCAL-00006" summary="H004 개발 , H005 Top bar 부분 개발">
      <created>1586191583182</created>
      <option name="number" value="00006" />
      <option name="presentableId" value="LOCAL-00006" />
      <option name="project" value="LOCAL" />
      <updated>1586191583182</updated>
    </task>
    <option name="localTasksCounter" value="7" />
    <servers />
  </component>
  <component name="TypeScriptGeneratedFilesManager">
    <option name="version" value="1" />
  </component>
  <component name="VcsManagerConfiguration">
    <option name="ADD_EXTERNAL_FILES_SILENTLY" value="true" />
    <MESSAGE value="ForntEnd쪽 StateMent Provider 적용&#10; 코드 추후 시너지 효과를 위함" />
    <MESSAGE value="H001 Page 랭킹 개발중" />
    <MESSAGE value="H001 Page 랭킹 개발중 &amp; MVVM 패턴 전격 적용 개발 스트레스 감소 및 단순화로 인한" />
    <MESSAGE value="H001 Page 랭킹 개발중 &#10;1.Adobe XD 와 화면 사이즈 100% 일치 적용 추후 사이즈 고민 X &#10;2.Provider(MV) &amp; MVVM 패턴 전격 적용 개발 &#10;  -&gt;스트레스 감소 및 단순화로 인한 버그 발생 저하" />
    <MESSAGE value="Tag 순위 부분 벡엔드와 연동 완료" />
    <MESSAGE value="H001 H002 개발 Hero 애니메이션 적용" />
    <MESSAGE value="H001 List UP H003 List Up" />
    <MESSAGE value="H004 개발 , H005 Top bar 부분 개발" />
    <option name="LAST_COMMIT_MESSAGE" value="H004 개발 , H005 Top bar 부분 개발" />
  </component>
  <component name="WindowStateProjectService">
    <state x="2472" y="179" key="#Intentions" timestamp="1585315315286">
      <screen x="1920" y="0" width="1920" height="1040" />
    </state>
    <state x="2472" y="179" key="#Intentions/0.0.1920.1040/1920.0.1920.1040@1920.0.1920.1040" timestamp="1585315315286" />
    <state x="2472" y="179" key="#Notifications" timestamp="1585310183632">
      <screen x="1920" y="0" width="1920" height="1040" />
    </state>
    <state x="2472" y="179" key="#Notifications/0.0.1920.1040/1920.0.1920.1040@1920.0.1920.1040" timestamp="1585310183632" />
    <state x="552" y="179" key="#Project_Structure" timestamp="1585736543572">
      <screen x="0" y="0" width="1920" height="1040" />
    </state>
    <state x="552" y="179" key="#Project_Structure/0.0.1920.1040/1920.0.1920.1040@0.0.1920.1040" timestamp="1585736543572" />
    <state x="2472" y="179" key="#Project_Structure/0.0.1920.1040/1920.0.1920.1040@1920.0.1920.1040" timestamp="1585736214034" />
    <state x="1920" y="170" key="#com.intellij.execution.impl.EditConfigurationsDialog" timestamp="1585314262639">
      <screen x="1920" y="0" width="1920" height="1040" />
    </state>
    <state x="1920" y="170" key="#com.intellij.execution.impl.EditConfigurationsDialog/0.0.1920.1040/1920.0.1920.1040@1920.0.1920.1040" timestamp="1585314262639" />
    <state x="2659" y="334" key="#com.intellij.fileTypes.FileTypeChooser" timestamp="1585313327777">
      <screen x="1920" y="0" width="1920" height="1040" />
    </state>
    <state x="2659" y="334" key="#com.intellij.fileTypes.FileTypeChooser/0.0.1920.1040/1920.0.1920.1040@1920.0.1920.1040" timestamp="1585313327777" />
    <state x="2685" y="236" key="#com.intellij.ide.util.MemberChooser" timestamp="1586260047035">
      <screen x="1920" y="0" width="1920" height="1040" />
    </state>
    <state x="765" y="236" key="#com.intellij.ide.util.MemberChooser/0.0.1920.1040/1920.0.1920.1040@0.0.1920.1040" timestamp="1586189379360" />
    <state x="2685" y="236" key="#com.intellij.ide.util.MemberChooser/0.0.1920.1040/1920.0.1920.1040@1920.0.1920.1040" timestamp="1586260047035" />
    <state x="2728" y="409" key="#com.intellij.ide.util.projectWizard.JdkChooserPanel.MyDialog" timestamp="1585480747778">
      <screen x="1920" y="0" width="1920" height="1040" />
    </state>
    <state x="2728" y="409" key="#com.intellij.ide.util.projectWizard.JdkChooserPanel.MyDialog/0.0.1920.1040/1920.0.1920.1040@1920.0.1920.1040" timestamp="1585480747778" />
    <state x="778" y="445" key="#com.intellij.refactoring.move.MoveHandler.SelectRefactoringDialog" timestamp="1586188584284">
      <screen x="0" y="0" width="1920" height="1040" />
    </state>
    <state x="778" y="445" key="#com.intellij.refactoring.move.MoveHandler.SelectRefactoringDialog/0.0.1920.1040/1920.0.1920.1040@0.0.1920.1040" timestamp="1586188584284" />
    <state x="690" y="267" key="#com.intellij.refactoring.safeDelete.UnsafeUsagesDialog" timestamp="1586281074307">
      <screen x="0" y="0" width="1920" height="1040" />
    </state>
    <state x="690" y="267" key="#com.intellij.refactoring.safeDelete.UnsafeUsagesDialog/0.0.1920.1040/1920.0.1920.1040@0.0.1920.1040" timestamp="1586281074307" />
    <state x="2610" y="267" key="#com.intellij.refactoring.safeDelete.UnsafeUsagesDialog/0.0.1920.1040/1920.0.1920.1040@1920.0.1920.1040" timestamp="1585310601703" />
    <state x="470" y="265" key="#main.dart" timestamp="1585980309911">
      <screen x="0" y="0" width="1920" height="1040" />
    </state>
    <state x="470" y="265" key="#main.dart/0.0.1920.1040/1920.0.1920.1040@0.0.1920.1040" timestamp="1585980309911" />
    <state x="689" y="356" key="ANALYSIS_DLG_com.intellij.analysis.BaseAnalysisAction$1" timestamp="1586092174043">
      <screen x="0" y="0" width="1920" height="1040" />
    </state>
    <state x="689" y="356" key="ANALYSIS_DLG_com.intellij.analysis.BaseAnalysisAction$1/0.0.1920.1040/1920.0.1920.1040@0.0.1920.1040" timestamp="1586092174043" />
    <state x="2498" y="112" key="CommitChangelistDialog2" timestamp="1586191582219">
      <screen x="1920" y="0" width="1920" height="1040" />
    </state>
    <state x="578" y="112" key="CommitChangelistDialog2/0.0.1920.1040/1920.0.1920.1040@0.0.1920.1040" timestamp="1586097251358" />
    <state x="2498" y="112" key="CommitChangelistDialog2/0.0.1920.1040/1920.0.1920.1040@1920.0.1920.1040" timestamp="1586191582219" />
    <state width="699" height="466" key="DebuggerActiveHint" timestamp="1586280306619">
      <screen x="1920" y="0" width="1920" height="1040" />
    </state>
    <state width="699" height="466" key="DebuggerActiveHint/0.0.1920.1040/1920.0.1920.1040@0.0.1920.1040" timestamp="1586096866624" />
    <state width="699" height="466" key="DebuggerActiveHint/0.0.1920.1040/1920.0.1920.1040@1920.0.1920.1040" timestamp="1586280306619" />
    <state x="2660" y="275" key="FileChooserDialogImpl" timestamp="1585736952108">
      <screen x="1920" y="0" width="1920" height="1040" />
    </state>
    <state x="740" y="275" key="FileChooserDialogImpl/0.0.1920.1040/1920.0.1920.1040@0.0.1920.1040" timestamp="1585736515131" />
    <state x="2660" y="275" key="FileChooserDialogImpl/0.0.1920.1040/1920.0.1920.1040@1920.0.1920.1040" timestamp="1585736952108" />
    <state x="791" y="433" width="361" height="173" key="Github.CreateGistDialog" timestamp="1585736580835">
      <screen x="0" y="0" width="1920" height="1040" />
    </state>
    <state x="791" y="433" width="361" height="173" key="Github.CreateGistDialog/0.0.1920.1040/1920.0.1920.1040@0.0.1920.1040" timestamp="1585736580835" />
    <state width="937" height="282" key="GridCell.Tab.0.bottom" timestamp="1586339627118">
      <screen x="1920" y="0" width="1920" height="1040" />
    </state>
    <state width="1877" height="330" key="GridCell.Tab.0.bottom/0.0.1920.1040/1920.0.1920.1040@0.0.1920.1040" timestamp="1586281169105" />
    <state width="937" height="282" key="GridCell.Tab.0.bottom/0.0.1920.1040/1920.0.1920.1040@1920.0.1920.1040" timestamp="1586339627118" />
    <state width="937" height="282" key="GridCell.Tab.0.center" timestamp="1586339627118">
      <screen x="1920" y="0" width="1920" height="1040" />
    </state>
    <state width="1877" height="330" key="GridCell.Tab.0.center/0.0.1920.1040/1920.0.1920.1040@0.0.1920.1040" timestamp="1586281169105" />
    <state width="937" height="282" key="GridCell.Tab.0.center/0.0.1920.1040/1920.0.1920.1040@1920.0.1920.1040" timestamp="1586339627118" />
    <state width="937" height="282" key="GridCell.Tab.0.left" timestamp="1586339627118">
      <screen x="1920" y="0" width="1920" height="1040" />
    </state>
    <state width="1877" height="330" key="GridCell.Tab.0.left/0.0.1920.1040/1920.0.1920.1040@0.0.1920.1040" timestamp="1586281169105" />
    <state width="937" height="282" key="GridCell.Tab.0.left/0.0.1920.1040/1920.0.1920.1040@1920.0.1920.1040" timestamp="1586339627118" />
    <state width="937" height="282" key="GridCell.Tab.0.right" timestamp="1586339627118">
      <screen x="1920" y="0" width="1920" height="1040" />
    </state>
    <state width="1877" height="330" key="GridCell.Tab.0.right/0.0.1920.1040/1920.0.1920.1040@0.0.1920.1040" timestamp="1586281169105" />
    <state width="937" height="282" key="GridCell.Tab.0.right/0.0.1920.1040/1920.0.1920.1040@1920.0.1920.1040" timestamp="1586339627118" />
    <state width="937" height="282" key="GridCell.Tab.1.bottom" timestamp="1586339627119">
      <screen x="1920" y="0" width="1920" height="1040" />
    </state>
    <state width="1877" height="330" key="GridCell.Tab.1.bottom/0.0.1920.1040/1920.0.1920.1040@0.0.1920.1040" timestamp="1586281169106" />
    <state width="937" height="282" key="GridCell.Tab.1.bottom/0.0.1920.1040/1920.0.1920.1040@1920.0.1920.1040" timestamp="1586339627119" />
    <state width="937" height="282" key="GridCell.Tab.1.center" timestamp="1586339627119">
      <screen x="1920" y="0" width="1920" height="1040" />
    </state>
    <state width="1877" height="330" key="GridCell.Tab.1.center/0.0.1920.1040/1920.0.1920.1040@0.0.1920.1040" timestamp="1586281169106" />
    <state width="937" height="282" key="GridCell.Tab.1.center/0.0.1920.1040/1920.0.1920.1040@1920.0.1920.1040" timestamp="1586339627119" />
    <state width="937" height="282" key="GridCell.Tab.1.left" timestamp="1586339627118">
      <screen x="1920" y="0" width="1920" height="1040" />
    </state>
    <state width="1877" height="330" key="GridCell.Tab.1.left/0.0.1920.1040/1920.0.1920.1040@0.0.1920.1040" timestamp="1586281169105" />
    <state width="937" height="282" key="GridCell.Tab.1.left/0.0.1920.1040/1920.0.1920.1040@1920.0.1920.1040" timestamp="1586339627118" />
    <state width="937" height="282" key="GridCell.Tab.1.right" timestamp="1586339627119">
      <screen x="1920" y="0" width="1920" height="1040" />
    </state>
    <state width="1877" height="330" key="GridCell.Tab.1.right/0.0.1920.1040/1920.0.1920.1040@0.0.1920.1040" timestamp="1586281169106" />
    <state width="937" height="282" key="GridCell.Tab.1.right/0.0.1920.1040/1920.0.1920.1040@1920.0.1920.1040" timestamp="1586339627119" />
    <state x="2638" y="242" key="RollbackChangesDialog" timestamp="1585738827025">
      <screen x="1920" y="0" width="1920" height="1040" />
    </state>
    <state x="2638" y="242" key="RollbackChangesDialog/0.0.1920.1040/1920.0.1920.1040@1920.0.1920.1040" timestamp="1585738827025" />
    <state x="2381" y="162" key="SettingsEditor" timestamp="1586340431482">
      <screen x="1920" y="0" width="1920" height="1040" />
    </state>
    <state x="461" y="162" key="SettingsEditor/0.0.1920.1040/1920.0.1920.1040@0.0.1920.1040" timestamp="1586092614855" />
    <state x="2381" y="162" key="SettingsEditor/0.0.1920.1040/1920.0.1920.1040@1920.0.1920.1040" timestamp="1586340431482" />
    <state width="498" height="519" key="SwitcherDM" timestamp="1586279371242">
      <screen x="1920" y="0" width="1920" height="1040" />
    </state>
    <state width="498" height="519" key="SwitcherDM/0.0.1920.1040/1920.0.1920.1040@0.0.1920.1040" timestamp="1586276916341" />
    <state width="498" height="519" key="SwitcherDM/0.0.1920.1040/1920.0.1920.1040@1920.0.1920.1040" timestamp="1586279371242" />
    <state x="2472" y="253" key="Vcs.Push.Dialog.v2" timestamp="1586191585116">
      <screen x="1920" y="0" width="1920" height="1040" />
    </state>
    <state x="552" y="253" key="Vcs.Push.Dialog.v2/0.0.1920.1040/1920.0.1920.1040@0.0.1920.1040" timestamp="1586097260854" />
    <state x="2472" y="253" key="Vcs.Push.Dialog.v2/0.0.1920.1040/1920.0.1920.1040@1920.0.1920.1040" timestamp="1586191585116" />
    <state width="968" height="528" key="XDebugger.FullValuePopup" timestamp="1585655386498">
      <screen x="0" y="0" width="1920" height="1040" />
    </state>
    <state width="968" height="528" key="XDebugger.FullValuePopup/0.0.1920.1040/1920.0.1920.1040@0.0.1920.1040" timestamp="1585655386498" />
    <state width="968" height="528" key="XDebugger.FullValuePopup/0.0.1920.1040/1920.0.1920.1040@1920.0.1920.1040" timestamp="1585481627369" />
    <state x="2572" y="344" key="com.intellij.ide.util.TipDialog" timestamp="1586340067841">
      <screen x="1920" y="0" width="1920" height="1040" />
    </state>
    <state x="2572" y="344" key="com.intellij.ide.util.TipDialog/0.0.1920.1040/1920.0.1920.1040@1920.0.1920.1040" timestamp="1586340067841" />
    <state x="2494" y="151" key="com.intellij.openapi.editor.actions.MultiplePasteAction$ClipboardContentChooser" timestamp="1585738039032">
      <screen x="1920" y="0" width="1920" height="1040" />
    </state>
    <state x="2494" y="151" key="com.intellij.openapi.editor.actions.MultiplePasteAction$ClipboardContentChooser/0.0.1920.1040/1920.0.1920.1040@1920.0.1920.1040" timestamp="1585738039032" />
    <state x="203" y="69" width="1427" height="706" key="dock-window-1" timestamp="1586170353314">
      <screen x="0" y="0" width="1920" height="1040" />
    </state>
    <state x="2005" y="41" width="1509" height="900" key="dock-window-1/0.0.1920.1040/1920.0.1920.1040@0.0.1920.1040" timestamp="1586096972791" />
    <state x="203" y="69" width="1427" height="706" key="dock-window-1/0.0.1920.1040/1920.0.1920.1040@1920.0.1920.1040" timestamp="1586170353314" />
    <state x="2720" y="90" width="945" height="740" key="dock-window-2" timestamp="1585667424993">
      <screen x="1920" y="0" width="1920" height="1040" />
    </state>
    <state x="2720" y="90" width="945" height="740" key="dock-window-2/0.0.1920.1040/1920.0.1920.1040@0.0.1920.1040" timestamp="1585667424993" />
    <state x="137" y="0" width="1513" height="634" maximized="true" key="dock-window-2/0.0.1920.1040/1920.0.1920.1040@1920.0.1920.1040" timestamp="1585319344943" />
    <state x="682" y="218" width="1136" height="822" key="find.popup" timestamp="1586340593519">
      <screen x="0" y="0" width="1920" height="1040" />
    </state>
    <state x="653" y="251" width="613" height="538" key="find.popup/0.0.1920.1040/1920.0.1920.1040@0.0.1920.1040" timestamp="1585658127258" />
    <state x="682" y="218" width="1136" height="822" key="find.popup/0.0.1920.1040/1920.0.1920.1040@1920.0.1920.1040" timestamp="1586340593519" />
    <state x="621" y="248" width="672" height="677" key="run.anything.popup" timestamp="1586189070776">
      <screen x="0" y="0" width="1920" height="1040" />
    </state>
    <state x="621" y="248" width="672" height="677" key="run.anything.popup/0.0.1920.1040/1920.0.1920.1040@0.0.1920.1040" timestamp="1586189070776" />
    <state x="2541" y="248" width="672" height="677" key="run.anything.popup/0.0.1920.1040/1920.0.1920.1040@1920.0.1920.1040" timestamp="1586062107931" />
    <state x="2543" y="225" width="672" height="678" key="search.everywhere.popup" timestamp="1586058439727">
      <screen x="1920" y="0" width="1920" height="1040" />
    </state>
    <state x="623" y="225" width="672" height="678" key="search.everywhere.popup/0.0.1920.1040/1920.0.1920.1040@0.0.1920.1040" timestamp="1585567961650" />
    <state x="2543" y="225" width="672" height="678" key="search.everywhere.popup/0.0.1920.1040/1920.0.1920.1040@1920.0.1920.1040" timestamp="1586058439727" />
  </component>
  <component name="XDebuggerManager">
    <breakpoint-manager>
      <breakpoints>
        <line-breakpoint enabled="true" type="Dart">
          <url>file://$PROJECT_DIR$/lib/Splash/SplashPage.dart</url>
          <option name="timeStamp" value="1" />
        </line-breakpoint>
      </breakpoints>
      <default-breakpoints>
        <breakpoint type="dart-exception" />
      </default-breakpoints>
    </breakpoint-manager>
  </component>
</project>